{
  "manifest.json": 1601976926426,
  "controller/Suppliers.controller.js": 1601975792431,
  "model/models.js": 1601975792427,
  "i18n/i18n.properties": 1601975792427,
  "Component.js": 1601975792427,
  "manifest-bundle.zip": 1601976923720,
  "Component-preload.js": 1601976926318,
  "Component-dbg.js": 1601975792427,
  "controller/Suppliers-dbg.controller.js": 1601975792431,
  "model/models-dbg.js": 1601975792427,
  "resources.json": 1601976926429,
  "view/Suppliers.view.xml": 1601976338936,
  "css/style.css": 1601975792427,
  "index.html": 1601975792427
}